﻿HostName,IP,FilePath
actdxcnbmprdv01,10.147.3.100,C:\\Users\\achintalapud\\OneDrive - DXC Production\\Documents\\UCMS\\Srinivasulu\\actdxcnbmprdv01.csv
basdxcnbmprdv01,10.7.3.100,C:\\Users\\achintalapud\\OneDrive - DXC Production\\Documents\\UCMS\\Srinivasulu\\basdxcnbmprdv01.csv
actxtsprdbcka01,10.145.74.140,C:\\Users\\achintalapud\\OneDrive - DXC Production\\Documents\\UCMS\\Srinivasulu\\actxtsprdbcka01.csv
basxtsprdbcka01,10.5.73.145,C:\\Users\\achintalapud\\OneDrive - DXC Production\\Documents\\UCMS\\Srinivasulu\\basxtsprdbcka01.csv
basxtsprdbcka03,10.5.73.147,C:\\Users\\achintalapud\\OneDrive - DXC Production\\Documents\\UCMS\\Srinivasulu\\basxtsprdbcka03.csv
