ERCLTST0006_OSFILES_WEEKLY,DISABLED
CGP_MSAPCGP01_ONLINE_DAILY,DISABLED
ERSLHB70_BEX_HANA_ARCHIVE_1,DISABLED
EEPLPCP2058_OSFILES_DAILY,DISABLED
PRD_EESLHA97_OSFILES_DAILY,DISABLED
ERPLSQJ3001_OSFILES_WEEKLY,DISABLED
MDZDERSHWBCK045_OSFILES_WEEKLY,DISABLED
CADBURY_LCA_E065DAE0_ARCHIVE_1,DISABLED
PRD_ERPLSMJ1011_OSFILES_DAILY,DISABLED
ERSLHB60_OSFILES_WEEKLY,DISABLED
EEVAMG11_OSFILES_WEEKLY,DISABLED
ERSLHB70_OSFILES_WEEKLY,DISABLED
SLX_EEVASX31_ARCHIVE_1,DISABLED
ERPLPCP2057_OSFILES_WEEKLY,DISABLED
PRD_EESLHA90_OSFILES_DAILY,DISABLED
EEVASD31_OSFILES_WEEKLY,DISABLED
SLF_EEVASD31_ARCHIVE_2,DISABLED
PRD_EESLHA91_OSFILES_WEEKLY,DISABLED
ERPLPCP1054_OSFILES_DAILY,DISABLED
KFTDEEDCDI04_OSFILES_WEEKLY,DISABLED
ERSNFS7003_OSFILES_WEEKLY,DISABLED
Adhoc_ERCAEP11,DISABLED
EEVASDE3082_OSFILES_DAILY,DISABLED
EESNFS7004_OSFILES_WEEKLY,DISABLED
EEPLSQJ3000_OSFILES_WEEKLY,DISABLED
KFTDEEDCBX12_HRT_SPECIAL,DISABLED
ERPLSQJ3000_OSFILES_WEEKLY,DISABLED
CGQ_EEPLSPE0012_ONLINE_WEEKLY,DISABLED
ERPLHND3097_OSFILES_WEEKLY,DISABLED
IDB_DONOT_TOUCH,DISABLED
EELHA31_YEV_HANA_WEEKLY,DISABLED
ERVAMG31_DATABASE_WEEKLY,DISABLED
ERPLPCP2056_OSFILES_DAILY,DISABLED
PRD_ERPLSM1053_OSFILES_DAILY,DISABLED
ERPLNLS3051_IEX_SYBASE_DAILY,DISABLED
CADBURY_E015DAE0_OSFILES_WEEKLY,DISABLED
ERPLNLS3051_IEB_SYBASE_ARCHIVE,DISABLED
\,DISABLED
EECAEP12_LEV_ONLINE_WEEKLY,DISABLED
ADHOC_ERSLHA_OSFILES_FINAL_BACKUP,DISABLED
ERSLHA86_BEQ_HANA_WEEKLY,DISABLED
MDZDERSHWBOE001_OSFILES_WEEKLY,DISABLED
EECLEFH0002_EGQ_HANA_WEEKLY,DISABLED
PRD_ERCAEP11_OSFILES_DAILY_Test,DISABLED
ERPLSPE2042_OSFILES_WEEKLY,DISABLED
Adhoc_ERCAEP11_2,DISABLED
ERSNFS7002_OSFILES_WEEKLY,DISABLED
ERSNFS7000_OSFILES_WEEKLY,DISABLED
ERPLNLS3051_IEB_ONLINE_DAILY,DISABLED
EEVAMG11_FILESYSTEM_DAILY,DISABLED
EEPLSPE2046_OSFILES_WEEKLY,DISABLED
ERSLHB70_BEZ_HANA_WEEKLY,DISABLED
SLD_EEVASD31_ONLINE_DAILY,DISABLED
SLQ_EEVASQ32_ARCHIVE_2,DISABLED
PRD_MDZDEEDCWBOE001_OSFILES_DAILY,DISABLED
PRD_KFTDEEDCBW11_OSFILES_DAILY,DISABLED
PRD_ERPLSMJ1011_OSFILES_WEEKLY,DISABLED
MDZDERSHWBCK046_OSFILES_WEEKLY,DISABLED
PRD_EECAEP12_OSFILES_DAILY,DISABLED
CGQ_test,DISABLED
ERPLNLS3051_IED_SYBASE_ARCHIVE,DISABLED
EECLFES0008_OSFILES_WEEKLY,DISABLED
PRD_EEPLNLS1050_IEP_SYBASE_DAILY_Old,DISABLED
ERPLSDE3093_IER_SYBASE_ARCHIVE,DISABLED
ERSLDI41_OSFILES_WEEKLY,DISABLED
ERPLSDE3093_IEB_SYBASE_ARCHIVE,DISABLED
ERCACM31_OSFILES_WEEKLY,DISABLED
PRD_KFTDEEDCSAP18_OSFILES_DAILY,DISABLED
EEPLPCP2059_OSFILES_DAILY,DISABLED
ERPLNLS3051_IED_SYBASE_DAILY,DISABLED
ERSLHA11_OSFILES_WEEKLY,DISABLED
PRD_KFTDEEDCSAP20_OSFILES_DAILY,DISABLED
KFTDERSHDI05_OSFILES_WEEKLY,DISABLED
PRD_ERVLSPE2029_OSFILES_WEEKLY,DISABLED
EESNFS7005_OSFILES_WEEKLY,DISABLED
ERSLHA71_77_OSFILES_DAILY,DISABLED
PRD_EEPLNLS1050_OSFILES_DAILY,DISABLED
NGP_MSAPNGPDB_ONLINE_DAILY,DISABLED
KFTDEEDCDI02_OSFILES_WEEKLY,DISABLED
PRD_CADBURY_LCA_E056PAE0_ONLINE_WEEKLY,DISABLED
PRD_EESLHA94_OSFILES_WEEKLY,DISABLED
ERPLNLS3051_IEB_ONLINE_WEEKLY,DISABLED
PRD_EESLHA92_OSFILES_DAILY,DISABLED
SLB_EEVASD3072_ONLINE_WEEKLY,DISABLED
KFTDERSHSAP04_OSFILES_WEEKLY,DISABLED
NGQ_EECLFES0008_ONLINE_WEEKLY,DISABLED
PRD_KFTDEEDCSAP19_OSFILES_DAILY,DISABLED
ERSLHA80_87_OSFILES_DAILY,DISABLED
EEPLPCP2059_OSFILES_WEEKLY,DISABLED
CADBURY_E056PAE0_OSFILES_DAILY,DISABLED
ERVLSPE0014_OSFILES_WEEKLY,DISABLED
ERPLSDE3093_IER_SYBASE_DAILY,DISABLED
KFTDEEDCCSW025_OSFILES_WEEKLY,DISABLED
PRD_EEVAMM11_OSFILES_DAILY,DISABLED
EECLTST0005_OSFILES_WEEKLY,DISABLED
EEVASX31_OSFILES_WEEKLY,DISABLED
PRD_ERPLEBJ1011_OSFILES_WEEKLY,DISABLED
EEVAMG11_FILESYSTEM_WEEKLY,DISABLED
EEPLDI4048_OSFILES_WEEKLY,DISABLED
EEPLPCP1055_OSFILES_DAILY,DISABLED
KFTDERSHSAP08_OSFILES_WEEKLY,DISABLED
PRD_YEP_HANA_ARCHIVE_1,DISABLED
SLF_EEVASD31_ONLINE_DAILY,DISABLED
ERVAMG31_DATABASE_DAILY,DISABLED
ERPLSD3079_OSFILES_WEEKLY,DISABLED
EECAEP12_SLO_EXPORT_MONTHLY,DISABLED
CGP_MSAPCGP01_ONLINE_WEEKLY,DISABLED
EESNFS7005_OSFILES_DAILY,DISABLED
SLF_EEVASD31_ONLINE_WEEKLY,DISABLED
MDZDERSHWBCK045_OSFILES_DAILY,DISABLED
ERSLHA77_OSFILES_DAILY,DISABLED
PRD_KFTDEEDCAPP74_OSFILES_DAILY,DISABLED
ERPLNLS3051_OSFILES_WEEKLY,DISABLED
CADBURY_E065DAE0_OSFILES_DAILY,DISABLED
PRD_KFTDEEDCSAP19_OSFILES_WEEKLY_test,DISABLED
ERPLSDE3093_IEQ_SYBASE_ARCHIVE_SSD,DISABLED
ERPLPCP2056_OSFILES_WEEKLY,DISABLED
KFTDEEDCDI01_OSFILES_WEEKLY,DISABLED
ERSLHA70_BER_HANA_ARCHIVE_1,DISABLED
SLB_EEVASD3072_ARCHIVE_2_old,DISABLED
ERPLSD3076_EGT_HANA_WEEKLY,DISABLED
PRD_KFTDEEDCSAP17_OSFILES_DAILY,DISABLED
PRD_ERVLSPE2029_OSFILES_DAILY,DISABLED
EEPLEPJ1011_OSFILES_WEEKLY,DISABLED
YG1_ERPLDI4052_ARCHIVE_1,DISABLED
EEVLSDE4053_OSFILES_WEEKLY,DISABLED
EELHA31_OSFILES_WEEKLY,DISABLED
SLD_EEVASD31_ONLINE_WEEKLY,DISABLED
EEVASS31_OSFILES_WEEKLY,DISABLED
PRD_CADBURY_LCA_E056PAE0_ARCHIVE_1,DISABLED
SLR_EEVASR3200_ARCHIVE_1,DISABLED
EESLDI45_OSFILES_SPL,DISABLED
PRD_EESLHA90_OSFILES_WEEKLY,DISABLED
CADBURY_E065DAE0_OSFILES_WEEKLY,DISABLED
PRD_EESLHA95_OSFILES_WEEKLY,DISABLED
ERSLHA_BES_OSFILES_WEEKLY,DISABLED
PRD_EESLHA94_OSFILES_DAILY,DISABLED
MDZDEEDCWAPP011_OSFILES_DAILY,DISABLED
PRD_ERPLDI2028_OSFILES_WEEKLY,DISABLED
ERSLHA70_BES_HANA_ARCHIVE_1,DISABLED
EEPLOPT4075_OSFILES_WEEKLY,DISABLED
EEVASQ32_OSFILES_WEEKLY_ADHOC,DISABLED
EELHA31_YEV_HANA_ARCHIVE_1,DISABLED
PRD_EESLHA97_OSFILES_WEEKLY,DISABLED
CADBURY_E056PAE0_OSFILES_WEEKLY,DISABLED
PRD_YEP_HANA_WEEKLY,DISABLED
SLF_EEVASD31_ARCHIVE_1,DISABLED
ERPLSD3076_EGZ_HANA_WEEKLY,DISABLED
PRD_EESLHA90_KPW_HANA_ARCHIVE_1,DISABLED
NGP_ERCLFES0007_ONLINE_DAILY,DISABLED
PRD_KFTDEEDCEB11_OSFILES_DAILY,DISABLED
ERPLSDE3093_IES_SYBASE_WEEKLY,DISABLED
NGZ_ERPLSD3077_ONLINE_WEEKLY,DISABLED
PRD_EEPLNLS1050_IEP_SYBASE_ARCHIVE,DISABLED
EEPLEPJ1011_OSFILES_DAILY,DISABLED
ERSLHA77_OSFILES_WEEKLY,DISABLED
PRD_MDZDEEDCWBOE001_OSFILES_WEEKLY,DISABLED
ERPLHND3095_OSFILES_WEEKLY,DISABLED
ERVAMG31_OSFILES_WEEKLY,DISABLED
ERPLSD3076_EGR_HANA_WEEKLY,DISABLED
PRD_ERCAPI12_OSFILES_DAILY,DISABLED
EESNFS7004_OSFILES_DAILY,DISABLED
EEVASR31_OSFILES_WEEKLY,DISABLED
MDZDERSHWSAP002_OSFILES_WEEKLY,DISABLED
PRD_ERCAEP11_OSFILES_WEEKLY,DISABLED
PRD_KFTDEEDCSAP21_OSFILES_WEEKLY,DISABLED
EEVLSPE0013_OSFILES_WEEKLY,DISABLED
PRD_YEP_HANA_DAILY,DISABLED
KFTDERSHDI01_OSFILES_WEEKLY,DISABLED
ERPLSDJ3000_OSFILES_WEEKLY,DISABLED
ERPLNLS3051_IED_SYBASE_WEEKLY,DISABLED
ERPLSDE3093_IEQ_SYBASE_ARCHIVE,DISABLED
EEVASD3072_OSFILES_DAILY,DISABLED
ERPLNLS3051_OSFILES_DAILY,DISABLED
ERPLSPE2043_OSFILES_WEEKLY,DISABLED
ERSLHB60_BEF_HANA_WEEKLY,DISABLED
NGP_MSAPNGPDB_ONLINE_WEEKLY,DISABLED
PRD_EECAPI11_OSFILES_WEEKLY,DISABLED
PRD_EESLHA91_OSFILES_DAILY,DISABLED
PRD_ERPLDI2028_OSFILES_DAILY,DISABLED
EEPLSQ3078_OSFILES_WEEKLY,DISABLED
ERPLNLS3051_IEX_SYBASE_ARCHIVE,DISABLED
EEVASDE3082_OSFILES_WEEKLY,DISABLED
EEPLPIJ1011_OSFILES_WEEKLY,DISABLED
KFTDERSHSAP05_OSFILES_WEEKLY,DISABLED
PRD_ERCAPI12_OSFILES_WEEKLY,DISABLED
ERCLFES0007_OSFILES_WEEKLY,DISABLED
ERSLHB60_BED_HANA_WEEKLY,DISABLED
ERSLHA8_BEQ_OSFILES_WEEKLY,DISABLED
EEVASD3072_OSFILES_WEEKLY,DISABLED
EEPLDIJ2021_OSFILES_WEEKLY,DISABLED
ERPLSPE2044_OSFILES_WEEKLY,DISABLED
EEPLSQJ3001_OSFILES_WEEKLY,DISABLED
PRD_EESLHA92_OSFILES_WEEKLY,DISABLED
MDZDEEDCWAPP011_OSFILES_WEEKLY,DISABLED
NGF_EECLFES0008_ONLINE_WEEKLY,DISABLED
MDZDERSHWBOE002_OSFILES_WEEKLY,DISABLED
SLD_EEVASD31_ARCHIVE_1,DISABLED
PRD_EESLHA96_OSFILES_DAILY,DISABLED
PRD_KFTDEEDCAPP74_OSFILES_WEEKLY,DISABLED
PRD_KFTDEEDCSAP21_OSFILES_DAILY,DISABLED
SLX_EEVASX31_ONLINE_WEEKLY,DISABLED
ERVASX31_OSFILES_WEEKLY,DISABLED
PRD_KFTDEEDCEB11_OSFILES_WEEKLY,DISABLED
ERSLHA71_77_OSFILES_WEEKLY,DISABLED
MDZDERSHWBCK046_OSFILES_DAILY,DISABLED
PRD_EECAPI11_OSFILES_DAILY,DISABLED
EEPLSPE2047_OSFILES_WEEKLY,DISABLED
ERPLSD3076_EGT_HANA_ARCHIVE_1,DISABLED
EEPLSPE2045_OSFILES_WEEKLY,DISABLED
PRD_EECAEP12_OSFILES_WEEKLY,DISABLED
PRD_EEPLNLS1050_IEP_SYBASE_WEEKLY,DISABLED
d,DISABLED
PRD_KFTDEEDCSAP18_OSFILES_WEEKLY,DISABLED
PRD_ERCAEP11_OSFILES_DAILY,DISABLED
EEPLSPE2048_OSFILES_WEEKLY,DISABLED
EEPLSDJ3000_OSFILES_WEEKLY,DISABLED
CADBURY_E010PAE0_OSFILES_WEEKLY,DISABLED
PRD_MDZDEEDCWBOE002_OSFILES_WEEKLY,DISABLED
ERPLSD3076_EGZ_HANA_ARCHIVE_1,DISABLED
KFTDERSHSAP06_OSFILES_WEEKLY,DISABLED
ERPLSPE2041_OSFILES_WEEKLY,DISABLED
ERPLPCP2056_CRMBRC_OSFILES_WEEKLY,DISABLED
ERPLPCP1054_OSFILES_WEEKLY,DISABLED
ERPLSD3079_NGS_ONLINE_WEEKLY,DISABLED
SLB_EEVASD3072_ARCHIVE_2,DISABLED
PRD_KFTDEEDCBW11_OSFILES_WEEKLY,DISABLED
MDZDERSHWAPP011_OSFILES_WEEKLY,DISABLED
ERPLSD3079_NGR_ONLINE_WEEKLY,DISABLED
PRD_ERPLSM1053_OSFILES_WEEKLY,DISABLED
PRD_ERSLDI23_OSFILES_WEEKLY,DISABLED
EEVASR31_OSFILES_WEEKLY_SPECIAL,DISABLED
EEPLPCP1055_OSFILES_WEEKLY,DISABLED
SLD_EEVASD31_ONLINE_WEEKLY_ADHOC,DISABLED
PRD_EEVAMM11_OSFILES_WEEKLY,DISABLED
ERPLSDE3093_IES_SYBASE_DAILY,DISABLED
PRD_ERSLDI23_OSFILES_DAILY,DISABLED
KFTDERSHSAP09_OSFILES_WEEKLY,DISABLED
ERPLSD3079_OSFILES_DAILY,DISABLED
EEPLWMJ1011_OSFILES_WEEKLY,DISABLED
PRD_EESLHA93_OSFILES_WEEKLY,DISABLED
SLB_EEVASD3072_ARCHIVE_1,DISABLED
KFTDEEDCAPP152_OSFILES_WEEKLY,DISABLED
PRD_EESLHA95_OSFILES_DAILY,DISABLED
ERSLHA86_BEQ_HANA_ARCHIVE_1,DISABLED
EEPLPCP2058_OSFILES_WEEKLY,DISABLED
PRD_KFTDEEDCSAP20_OSFILES_WEEKLY,DISABLED
ADHOC_ERCLEFH0001,DISABLED
PRD_MDZDEEDCWBOE002_OSFILES_DAILY,DISABLED
PRD_EESLHA96_OSFILES_WEEKLY,DISABLED
ERPLDIJ2022_OSFILES_WEEKLY,DISABLED
ERPLHND3097_OSFILES_DAILY,DISABLED
CADBURY_AMCCAP52_OSFILES_WEEKLY,DISABLED
ERPLDI4052_OSFILES_SPL,DISABLED
PRD_EEPLSPE1057_IEP_SYBASE_ARCHIVE,DISABLED
CADBURY_LCA_E065DAE0_ONLINE_WEEKLY,DISABLED
ERPLSDE3093_IEF_SYBASE_ARCHIVE,DISABLED
EEVASS31_SPECIAL,DISABLED
PRD_CADBURY_LCA_E056PAE0_ARCHIVE_2,DISABLED
ERPLNLS3051_IEX_SYBASE_WEEKLY,DISABLED
PRD_ERPLEBJ1011_OSFILES_DAILY,DISABLED
ERPLPCP2057_CRMBRC_OSFILES_WEEKLY,DISABLED
KFTDEEDCAPP145_OSFILES_WEEKLY,DISABLED
PRD_EESLHA93_OSFILES_DAILY,DISABLED
MDZDEEDCWAPP515_OSFILES_WEEKLY,DISABLED
KFTDERSHSAP07_OSFILES_WEEKLY,DISABLED
NGP_ERCLFES0007_ONLINE_WEEKLY,DISABLED
PRD_KFTDEEDCSAP19_OSFILES_WEEKLY,DISABLED
ERSNFS70001_OSFILES_WEEKLY,DISABLED
PRD_SLP_KFTSAPSLP01_ARCHIVE_1,DISABLED
PRD_EEPLNLS1050_IEP_SYBASE_DAILY,DISABLED
EESLDI43_OSFILES_WEEKLY,DISABLED
OBII_IDB_DAILY,DISABLED
MDZDERSHWSAP001_OSFILES_WEEKLY,DISABLED
ERSLHA80_87_OSFILES_WEEKLY,DISABLED
ERSLHB60_BED_HANA_ARCHIVE_1,DISABLED
EEVASQ31_OSFILES_WEEKLY,DISABLED
CADBURY_EEVADO04_OSFILES_YEARLY,DISABLED
ERSLHB70_BEX_HANA_WEEKLY,DISABLED
PRD_EEPLNLS1050_OSFILES_WEEKLY,DISABLED
SDB_EEVADO02_ARCHIVE_2,DISABLED
ERPLSDE3093_IES_SYBASE_ARCHIVE,DISABLED
Adhoc_eeplsm3052,DISABLED
P750RSHTST01_OSFILES_WEEKLY,DISABLED
PRD_KFTDEEDCSAP17_OSFILES_WEEKLY,DISABLED
PRD_EECACM11_OSFILES_DAILY,DISABLED
PRD_EECACM11_OSFILES_WEEKLY,DISABLED
PRD_ERCACM12_OSFILES_DAILY,DISABLED
PRD_ERCACM12_OSFILES_WEEKLY,DISABLED
EECACM32_OSFILES_WEEKLY,DISABLED
ERPLPCP2057_OSFILES_DAILY,DISABLED
