SAP PRD_SEP_MSAPSEPDB_ONLINE_DAILY,2022/07/14-1012,Failed,full,0,2022-07-14 13:00:03,63,0,12,0.00
SAP SEQ_EEVASQ32_ARCHIVE_1,2022/07/15-229,Failed,full,0,2022-07-15 02:55:00,29,0,1,0.00
SAP PRD_CADBURY_SP1_EEVADO02_ARCHIVE_1,2022/07/15-557,Failed,full,0,2022-07-15 07:15:03,0,0,0,0.00
SAP PRD_CADBURY_SP1_EEVADO02_ARCHIVE_2,2022/07/15-560,Failed,full,0,2022-07-15 07:15:08,0,0,0,0.00
SAP PRD_CADBURY_SP9_EEVADO02_ARCHIVE_1,2022/07/15-736,Failed,full,0,2022-07-15 09:30:03,0,0,0,0.00
SAP PRD_CADBURY_SP9_EEVADO02_ARCHIVE_2,2022/07/15-739,Failed,full,0,2022-07-15 09:30:10,0,0,0,0.00
