E43_BKP_CAT_SAP_ARCHIVE1,,ObjectStore,,5,5,0
E43_BKP_CAT_SAP_ARCHIVE2,,ObjectStore,,4,4,0
E43_BKP_CAT_SAP_FS,FS Backups of EDC clients mdzdershd2d001.krft.net,ObjectStore,,32,32,0
EDC_VTL01,Frankfurt VTL01,LTO-Ultrium,H168A174J5,8,8,0
EDC_VTL02,Frankfurt VTL02,LTO-Ultrium,H168A174J6,8,8,0
ESH_BKP_CAT_SAP_ARCHIVE1,,ObjectStore,,3,3,0
ESH_BKP_CAT_SAP_ARCHIVE2,,ObjectStore,,5,5,0
ESH_BKP_CAT_SAP_FS,FS Backups of RSH clients mdzdeedcd2d001.krft.net,ObjectStore,,33,33,0
ESH_BKP_CAT_SAP_HANA,,ObjectStore,,2,2,0
File_Lib_KPA,,File,,1,0,1
KFTDEEDCESL01,Frankfurt (eShelter) EDC,LTO-Ultrium,2U31490058_LL0,757,545,212
KFTDERSHESL01,Russelsheim E43 DC,LTO-Ultrium,2U31490102_LL0,746,495,251
RSH_VTL01,Russhelsheim VTL01,LTO-Ultrium,H16901B4J4,8,8,0
RSH_VTL02,Russhelsheim VTL02,LTO-Ultrium,H16901B4J5,8,8,0
