CADBURY_WEEKLY,2,0,0,2,FREE_LTO_POOL_RSH,5,5
CADBURY_YEARLY,10,0,4,6,FREE_LTO_POOL_RSH,5,5
DP_IDB,6,4,0,2,None,,4
Default LTO-Ultrium,164,158,4,2,None,,158
E43_BKP_CAT_SAP_ARCHIVE1,8108,443,0,7665,None,,443
E43_BKP_CAT_SAP_ARCHIVE2,8394,450,0,7944,None,,450
E43_BKP_CAT_SAP_FS_MediaPool,1460,95,0,1365,None,,95
E43_BKP_CAT_SAP_FS_Weekly,1591,86,0,1505,None,,86
E43_BKP_CAT_SAP_Hana_Weekly,0,0,0,0,None,,0
EDCESL01_OFFSITE,398,396,0,2,None,,396
EDC_EEZ_ONLINE_WEEKLY,0,0,0,0,FREE_LTO_POOL_EDC,5,5
EDC_ESL_ARCHIVE_1,0,0,0,0,FREE_LTO_POOL_EDC,5,5
EDC_ESL_ARCHIVE_2,0,0,0,0,FREE_LTO_POOL_EDC,5,5
EDC_KPA_1024,0,0,0,0,None,,0
EDC_KPA_NEW_WEEKLY_TEST,0,0,0,0,FREE_LTO_POOL_EDC_NEWTAPES,6,6
EDC_KPA_ONLINE_DAILY,0,0,0,0,FREE_LTO_POOL_EDC_NEWTAPES,6,6
EDC_KPA_ONLINE_WEEKLY,0,0,0,0,FREE_LTO_POOL_EDC_NEWTAPES,6,6
EDC_KPA_TEST,1,1,0,0,None,,1
EDC_KPW_Hana,0,0,0,0,FREE_LTO_POOL_EDC,5,5
EDC_ONLINE_DAILY,43,0,31,12,FREE_LTO_POOL_EDC,5,5
EDC_ONLINE_WEEKLY,34,0,23,11,FREE_LTO_POOL_EDC,5,5
EDC_ONLINE_YEARLY,8,0,0,8,FREE_LTO_POOL_EDC,5,5
EDC_OSFILES_DAILY,0,0,0,0,FREE_LTO_POOL_EDC,5,5
EDC_OSFILES_DAILY_1024,1,0,0,1,FREE_LTO_POOL_EDC,5,5
EDC_OSFILES_WEEKLY,1,0,0,1,FREE_LTO_POOL_EDC,5,5
EDC_OSFILES_WEEKLY_1024,13,0,3,10,FREE_LTO_POOL_EDC_NEWTAPES,6,6
EDC_OSFILES_WEEKLY_1024_new,0,0,0,0,FREE_LTO_POOL_EDC,5,5
EDC_PROD_ONLINE_DAILY,29,1,18,10,FREE_LTO_POOL_EDC_NEWTAPES,6,7
EDC_PROD_ONLINE_WEEKLY,12,0,11,1,FREE_LTO_POOL_EDC_NEWTAPES,6,6
EDC_VTL01_ARCHIVE1,0,0,0,0,EDC_VTL01_FREEPOOL,827,827
EDC_VTL01_ARCHIVE2,0,0,0,0,EDC_VTL01_FREEPOOL,827,827
EDC_VTL02_ARCHIVE2,0,0,0,0,EDC_VTL02_FREEPOOL,790,790
EER_Backup,0,0,0,0,FREE_LTO_POOL_RSH,5,5
ESH_BKP_CAT_SAP_ARCHIVE1,8304,446,0,7858,None,,446
ESH_BKP_CAT_SAP_ARCHIVE2,8110,443,0,7667,None,,443
ESH_BKP_CAT_SAP_FS_MediaPool,806,44,0,762,None,,44
ESH_BKP_CAT_SAP_FS_Weekly,1375,54,0,1321,None,,54
ESH_BKP_CAT_SAP_HANA_MediaPool,0,0,0,0,None,,0
ESH_BKP_CAT_SAP_Hana_Daily,7,0,0,7,None,,0
ESL01_OFFSITE,49,49,0,0,None,,49
File_Lib_KPA_MediaPool,1,1,0,0,None,,1
Golden backup,0,0,0,0,EDC_VTL01_FREEPOOL,827,827
HANA_ARCHIVE_POOL_EDC,0,0,0,0,FREE_LTO_POOL_EDC,5,5
HANA_ARCHIVE_POOL_RSH,0,0,0,0,FREE_LTO_POOL_RSH,5,5
HANA_DAILY_POOL_EDC,34,0,31,3,FREE_LTO_POOL_EDC_NEWTAPES,6,6
HANA_DAILY_POOL_RSH,0,0,0,0,FREE_LTO_POOL_RSH,5,5
HANA_WEEKLY_POOL_EDC,34,0,31,3,FREE_LTO_POOL_EDC_NEWTAPES,6,6
HANA_WEEKLY_POOL_RSH,0,0,0,0,FREE_LTO_POOL_RSH,5,5
KPA_SPECIAL_LONGTERM,0,0,0,0,None,,0
KPA_TEST_VTL_MEDIA,3,3,0,0,None,,3
KPI_Test_1,0,0,0,0,None,,0
LIB3_MIGRATION,0,0,0,0,None,,0
LIB3_OFFSITE,5,5,0,0,None,,5
LIB4_MIGRATION,0,0,0,0,None,,0
POOR_TAPES,1387,1378,3,6,None,,1378
Poor_Tapes_EDC,540,399,1,140,None,,399
Poor_Tapes_RDC,454,340,2,112,None,,340
RDC_KPA_1024,0,0,0,0,FREE_LTO_POOL_RSH,5,5
REIMPORT,5,5,0,0,None,,5
RESTORE,14,14,0,0,None,,14
RSHESL01_OFFSITE,289,282,0,7,None,,282
RSH_BER_HANA,0,0,0,0,FREE_LTO_POOL_RSH,5,5
RSH_KPA_ONLINE_DAILY,0,0,0,0,FREE_LTO_POOL_RSH_NEWTAPES,3,3
RSH_KPA_ONLINE_WEEKLY,0,0,0,0,FREE_LTO_POOL_RSH_NEWTAPES,3,3
RSH_KPW_1024,0,0,0,0,FREE_LTO_POOL_RSH,5,5
RSH_ONLINE_DAILY,5,0,1,4,FREE_LTO_POOL_RSH,5,5
RSH_ONLINE_MONTHLY,1,0,0,1,FREE_LTO_POOL_RSH,5,5
RSH_ONLINE_WEEKLY,100,0,89,11,FREE_LTO_POOL_RSH,5,5
RSH_ONLINE_YEARLY,7,0,2,5,FREE_LTO_POOL_RSH,5,5
RSH_OSFILES_DAILY,0,0,0,0,FREE_LTO_POOL_RSH,5,5
RSH_OSFILES_DAILY_1024,2,0,0,2,FREE_LTO_POOL_RSH,5,5
RSH_OSFILES_WEEKLY,23,0,20,3,FREE_LTO_POOL_RSH,5,5
RSH_OSFILES_WEEKLY_1024,22,0,11,11,FREE_LTO_POOL_RSH,5,5
RSH_PROD_ONLINE_DAILY,5,0,0,5,FREE_LTO_POOL_RSH_NEWTAPES,3,3
RSH_PROD_ONLINE_WEEKLY,14,0,3,11,FREE_LTO_POOL_RSH_NEWTAPES,3,3
RSH_VTL01_ARCHIVE1,0,0,0,0,RSH_VTL01_FREEPOOL,627,627
RSH_VTL02_ARCHIVE1,0,0,0,0,RSH_VTL02_FREEPOOL,514,514
RSH_VTL02_ARCHIVE2,0,0,0,0,RSH_VTL02_FREEPOOL,514,514
RSH_VTL02_POOR,757,756,0,1,None,,756
Refresh Pool,0,0,0,0,None,,0
Restore_pool_archive1,30,30,0,0,None,,30
Restore_pool_archive2,21,21,0,0,None,,21
trash,15,15,0,0,None,,15
